Dinas Kebersihan Jaya,Jl. Kebersihan No. 10,Infrastruktur,contact@dinaskebersihan.id,www.dinaskebersihan.id
Biro Transportasi Cepat,Jl. Transportasi No. 15,Transportasi,info@transportasicepat.id,www.transportasicepat.id
Layanan Umum Sejahtera,Jl. Sejahtera No. 5,Layanan Umum,cs@layanansejahtera.id,www.layanansejahtera.id
Lingkungan Hijau Bersama,Jl. Hijau No. 20,Lingkungan,hijau@lingkunganhijau.id,www.lingkunganhijau.id
Infrastruktur Kuat,Jl. Kuat No. 25,Infrastruktur,info@infrastrukturkuat.id,www.infrastrukturkuat.id
Transportasi Lancar,Jl. Lancar No. 30,Transportasi,contact@transportasilancar.id,www.transportasilancar.id
Layanan Umum Prima,Jl. Prima No. 35,Layanan Umum,help@layananprima.id,www.layananprima.id
Dinas Lingkungan Lestari,Jl. Lestari No. 40,Lingkungan,info@lingkunganlestari.id,www.lingkunganlestari.id
Infrastruktur Mega,Jl. Mega No. 45,Infrastruktur,support@infrastrukturmega.id,www.infrastrukturmega.id
Transportasi Cepat,Jl. Cepat No. 50,Transportasi,cs@transportasicepat.id,www.transportasicepat.id
Layanan Umum Masyarakat,Jl. Masyarakat No. 55,Layanan Umum,contact@layananmasyarakat.id,www.layananmasyarakat.id
Lingkungan Asri,Jl. Asri No. 60,Lingkungan,info@lingkunganasri.id,www.lingkunganasri.id
Infrastruktur Modern,Jl. Modern No. 65,Infrastruktur,support@infrastrukturmodern.id,www.infrastrukturmodern.id
Transportasi Aman,Jl. Aman No. 70,Transportasi,info@transportasiaman.id,www.transportasiaman.id
Layanan Umum Terpadu,Jl. Terpadu No. 75,Layanan Umum,help@layananterpadu.id,www.layananterpadu.id
Lingkungan Bersih,Jl. Bersih No. 80,Lingkungan,support@lingkunganbersih.id,www.lingkunganbersih.id
Infrastruktur Berkelanjutan,Jl. Berkelanjutan No. 85,Infrastruktur,info@infrastrukturberkelanjutan.id,www.infrastrukturberkelanjutan.id
Transportasi Maju,Jl. Maju No. 90,Transportasi,contact@transportasimaju.id,www.transportasimaju.id
Layanan Umum Peduli,Jl. Peduli No. 95,Layanan Umum,cs@layananpeduli.id,www.layananpeduli.id
Lingkungan Hijau,Jl. Hijau No. 100,Lingkungan,info@lingkunganhijau.id,www.lingkunganhijau.id
